{"polyfill":["/polyfill-0eca59d2ee8c0828e3a6.js"],"app":["/app-23337a1afa70b81ed5d0.js"],"component---cache-caches-gatsby-plugin-offline-app-shell-js":["/component---cache-caches-gatsby-plugin-offline-app-shell-js-b0556ce5127c1a3e2490.js"],"component---src-pages-404-js":["/component---src-pages-404-js-182db873e512c141432a.js"],"component---src-pages-generic-js":["/component---src-pages-generic-js-e6aca78f7e292963dcb9.js"],"component---src-pages-index-js":["/component---src-pages-index-js-d57229b9807d3a4a95b9.js"]}