{"errors":[],"warnings":[],"namedChunkGroups":{"polyfill":{"chunks":[2,9],"assets":["webpack-runtime-32bbb91c22893f742425.js","webpack-runtime-32bbb91c22893f742425.js.map","polyfill-0eca59d2ee8c0828e3a6.js","polyfill-0eca59d2ee8c0828e3a6.js.map"],"children":{},"childAssets":{}},"app":{"chunks":[2,8,3],"assets":["webpack-runtime-32bbb91c22893f742425.js","webpack-runtime-32bbb91c22893f742425.js.map","framework-8e528b732ab2eaadb7b7.js","framework-8e528b732ab2eaadb7b7.js.map","app-23337a1afa70b81ed5d0.js","app-23337a1afa70b81ed5d0.js.map"],"children":{},"childAssets":{}},"component---cache-caches-gatsby-plugin-offline-app-shell-js":{"chunks":[4],"assets":["component---cache-caches-gatsby-plugin-offline-app-shell-js-b0556ce5127c1a3e2490.js","component---cache-caches-gatsby-plugin-offline-app-shell-js-b0556ce5127c1a3e2490.js.map"],"children":{},"childAssets":{}},"component---src-pages-404-js":{"chunks":[0,5],"assets":["styles.b3a18c65bdd1ceb2db65.css","styles-407fe62976dc5310c43e.js","styles-407fe62976dc5310c43e.js.map","component---src-pages-404-js-182db873e512c141432a.js","component---src-pages-404-js-182db873e512c141432a.js.map"],"children":{},"childAssets":{}},"component---src-pages-generic-js":{"chunks":[0,1,6],"assets":["styles.b3a18c65bdd1ceb2db65.css","styles-407fe62976dc5310c43e.js","styles-407fe62976dc5310c43e.js.map","daf969325164a1cfd3a3543c42171180c229597a-9faadb5df2cdd56f31c4.js","daf969325164a1cfd3a3543c42171180c229597a-9faadb5df2cdd56f31c4.js.map","component---src-pages-generic-js-e6aca78f7e292963dcb9.js","component---src-pages-generic-js-e6aca78f7e292963dcb9.js.map"],"children":{},"childAssets":{}},"component---src-pages-index-js":{"chunks":[0,1,7],"assets":["styles.b3a18c65bdd1ceb2db65.css","styles-407fe62976dc5310c43e.js","styles-407fe62976dc5310c43e.js.map","daf969325164a1cfd3a3543c42171180c229597a-9faadb5df2cdd56f31c4.js","daf969325164a1cfd3a3543c42171180c229597a-9faadb5df2cdd56f31c4.js.map","component---src-pages-index-js-d57229b9807d3a4a95b9.js","component---src-pages-index-js-d57229b9807d3a4a95b9.js.map"],"children":{},"childAssets":{}}},"assetsByChunkName":{"polyfill":["webpack-runtime-32bbb91c22893f742425.js","polyfill-0eca59d2ee8c0828e3a6.js"],"app":["webpack-runtime-32bbb91c22893f742425.js","framework-8e528b732ab2eaadb7b7.js","app-23337a1afa70b81ed5d0.js"],"component---cache-caches-gatsby-plugin-offline-app-shell-js":["component---cache-caches-gatsby-plugin-offline-app-shell-js-b0556ce5127c1a3e2490.js"],"component---src-pages-404-js":["styles.b3a18c65bdd1ceb2db65.css","styles-407fe62976dc5310c43e.js","component---src-pages-404-js-182db873e512c141432a.js"],"component---src-pages-generic-js":["styles.b3a18c65bdd1ceb2db65.css","styles-407fe62976dc5310c43e.js","daf969325164a1cfd3a3543c42171180c229597a-9faadb5df2cdd56f31c4.js","component---src-pages-generic-js-e6aca78f7e292963dcb9.js"],"component---src-pages-index-js":["styles.b3a18c65bdd1ceb2db65.css","styles-407fe62976dc5310c43e.js","daf969325164a1cfd3a3543c42171180c229597a-9faadb5df2cdd56f31c4.js","component---src-pages-index-js-d57229b9807d3a4a95b9.js"]}}